ID,Index,X,Y,Z,Rx,Ry,Rz,Ux,Uy,Uz,UTranslation,URx,URy,URz
Path_2,0,-308.3428217,-104.3258526,614.7202431,1.470218752,2.290488904,-91.87757768,0,0,0,0,0,0,0
Path_2,1,-308.0137229,-103.9577603,614.7686343,1.401117506,2.224189435,-91.91257536,0,0,0,0,0,0,0
Path_2,2,-308.028994,-104.7836332,614.5215634,1.310606412,2.438149887,-91.86547542,0,0,0,0,0,0,0
Path_2,3,-308.2786684,-104.5147845,614.9860642,1.422678067,2.346634174,-91.66503506,0,0,0,0,0,0,0
Path_2,4,-308.4378563,-104.7287231,614.6253911,1.415106845,2.407125783,-91.96150662,0,0,0,0,0,0,0
Path_2,5,-308.6174983,-104.4453652,614.4578782,1.396544645,2.384008427,-91.92656282,0,0,0,0,0,0,0
Path_2,6,-308.0126202,-104.0567741,614.706296,1.370095084,2.266536132,-91.74188559,0,0,0,0,0,0,0
Path_2,7,-308.0599507,-104.9345947,614.3359934,1.293596656,2.41391151,-91.9563646,0,0,0,0,0,0,0
Path_2,8,-308.117182,-103.7392792,614.8808145,1.37635989,2.178504721,-91.84917277,0,0,0,0,0,0,0
Path_2,9,-308.0366344,-103.8518886,614.8764103,1.381829047,2.127928246,-91.8598671,0,0,0,0,0,0,0
Path_2,10,-308.5740771,-104.2134072,614.5953098,1.407126982,2.303785337,-91.91655822,0,0,0,0,0,0,0
Path_2,11,-307.9381877,-104.5436711,614.5872367,1.327418999,2.419236299,-91.84262111,0,0,0,0,0,0,0
Path_2,12,-308.2875582,-105.0154919,614.6612364,1.371416058,2.472476204,-91.83157766,0,0,0,0,0,0,0
Path_2,13,-308.2885771,-104.3856891,614.4734422,1.386722814,2.339852238,-91.91309172,0,0,0,0,0,0,0
Path_2,14,-308.1429107,-104.0465422,614.8694828,1.407736038,2.217094331,-91.76933295,0,0,0,0,0,0,0
Path_2,15,-308.6061687,-104.3707853,614.7494745,1.489123621,2.287169084,-91.88921034,0,0,0,0,0,0,0
Path_2,16,-308.0987506,-105.1620625,614.4127588,1.381294597,2.455966949,-91.92256705,0,0,0,0,0,0,0
Path_2,17,-308.1355851,-104.4706887,614.753486,1.35199028,2.288600167,-91.68978989,0,0,0,0,0,0,0
Path_2,18,-308.4168088,-103.9988387,614.9686486,1.555508264,2.317737697,-91.87852593,0,0,0,0,0,0,0
Path_2,19,-308.4612539,-104.3894803,614.5469768,1.430971035,2.354538952,-91.99441632,0,0,0,0,0,0,0
Path_2,20,-308.189217,-104.6368724,614.3017618,1.306975541,2.387419388,-91.87862281,0,0,0,0,0,0,0
Path_2,21,-308.4924264,-104.7322008,614.3155346,1.410129441,2.414598436,-92.03816999,0,0,0,0,0,0,0
Path_2,22,-308.2939514,-104.6321782,614.6679677,1.417932421,2.449971353,-91.9501665,0,0,0,0,0,0,0
Path_2,23,-308.5240861,-104.5149782,614.6832353,1.429223614,2.378670974,-92.00990014,0,0,0,0,0,0,0
Path_2,24,-308.8050112,-105.1024538,614.6745302,1.4771233,2.491442971,-91.80297868,0,0,0,0,0,0,0
Path_2,25,-308.5838502,-104.8688899,614.0856985,1.344597493,2.460317112,-92.02260358,0,0,0,0,0,0,0
Path_2,26,-308.5500661,-104.7886435,614.7220592,1.502142751,2.42558637,-91.92150222,0,0,0,0,0,0,0
Path_2,27,-308.2378268,-104.1088477,614.6599924,1.380685861,2.200755327,-91.83338894,0,0,0,0,0,0,0
Path_2,28,-308.5287206,-104.4661719,614.5699887,1.546705111,2.34028271,-91.88027807,0,0,0,0,0,0,0
Path_2,29,-308.3528307,-104.723721,614.603009,1.368592997,2.464499196,-91.74780486,0,0,0,0,0,0,0
Path_2,30,-308.1391222,-104.5392587,614.6841045,1.388651816,2.349051991,-91.81247711,0,0,0,0,0,0,0
Path_2,31,-308.364749,-104.1769951,614.6513739,1.434130432,2.299295097,-92.01097294,0,0,0,0,0,0,0
Path_2,32,-307.877638,-104.418516,614.5085996,1.354836538,2.402108476,-91.86263685,0,0,0,0,0,0,0
Path_2,33,-308.0046115,-104.551516,614.3797659,1.314551966,2.344458564,-91.97232477,0,0,0,0,0,0,0
Path_2,34,-307.9079178,-104.6728033,614.4606866,1.306128346,2.447405409,-91.86104044,0,0,0,0,0,0,0
Path_2,35,-308.3233631,-104.7129297,614.5635203,1.406819998,2.403147894,-91.99337662,0,0,0,0,0,0,0
Path_2,36,-307.8652719,-104.636549,614.3455504,1.282682348,2.354276696,-91.95957651,0,0,0,0,0,0,0
Path_2,37,-308.0352176,-103.8475029,614.8643881,1.374273984,2.199046007,-91.87770392,0,0,0,0,0,0,0
Path_2,38,-308.1271311,-104.7038012,614.4436521,1.330452574,2.392945847,-91.88943504,0,0,0,0,0,0,0
Path_2,39,-308.4003778,-104.1932782,615.0930641,1.434389133,2.25375939,-91.76355089,0,0,0,0,0,0,0
Path_2,40,-308.2930812,-104.2700367,614.6247874,1.362010779,2.33257037,-91.92439304,0,0,0,0,0,0,0
Path_2,41,-308.3778023,-104.9002598,614.32219,1.361808736,2.442288609,-91.90756219,0,0,0,0,0,0,0
Path_2,42,-308.4453091,-104.4668562,614.4313604,1.402336683,2.373140362,-91.95515878,0,0,0,0,0,0,0
Path_2,43,-308.7339144,-105.1480683,614.4407535,1.411381956,2.550839468,-91.91393903,0,0,0,0,0,0,0
Path_2,44,-308.5058208,-105.1174979,614.3413236,1.435518075,2.498441439,-91.8572269,0,0,0,0,0,0,0
Path_2,45,-308.1556853,-104.571421,614.4340052,1.356836138,2.410778542,-91.91254734,0,0,0,0,0,0,0
Path_2,46,-308.2834557,-104.7091201,614.5910536,1.405180506,2.405734608,-91.8970655,0,0,0,0,0,0,0
Path_2,47,-308.1267265,-104.1684806,614.7914406,1.334281217,2.2570699,-91.71329942,0,0,0,0,0,0,0
Path_2,48,-308.5955412,-104.406164,614.7777411,1.45760206,2.319276223,-91.73463631,0,0,0,0,0,0,0
Path_2,49,-307.9218447,-104.4929717,614.2623628,1.284217067,2.351251397,-91.92778039,0,0,0,0,0,0,0
Path_2,50,-308.0845607,-104.2510954,614.7980369,1.424809516,2.305327024,-91.76690511,0,0,0,0,0,0,0
Path_2,51,-308.4057825,-104.8946207,614.4092537,1.352692241,2.439245907,-91.87740044,0,0,0,0,0,0,0
Path_2,52,-308.4643992,-104.4899643,614.5368465,1.421548256,2.310500866,-91.96642232,0,0,0,0,0,0,0
Path_2,53,-308.5910418,-104.4673678,614.6083806,1.517189301,2.316750372,-91.90909619,0,0,0,0,0,0,0
Path_2,54,-308.1608896,-104.8293934,614.3375655,1.345521958,2.420193447,-91.85267583,0,0,0,0,0,0,0
Path_2,55,-308.2981008,-104.6980733,614.7187198,1.377774106,2.446566778,-91.82958646,0,0,0,0,0,0,0
Path_2,56,-308.3349968,-104.3357218,614.4397155,1.420726947,2.345112945,-91.94767264,0,0,0,0,0,0,0
Path_2,57,-307.9044096,-104.6810772,614.2959938,1.297833233,2.401122972,-91.96190871,0,0,0,0,0,0,0
Path_2,58,-308.2032792,-104.6373441,614.918518,1.396418549,2.428974422,-91.80847128,0,0,0,0,0,0,0
Path_2,59,-308.2409875,-104.2748355,614.7213206,1.428917883,2.359233393,-91.84087659,0,0,0,0,0,0,0
Path_2,60,-308.3525964,-104.6662223,614.1791858,1.29380166,2.426139386,-92.00486461,0,0,0,0,0,0,0
Path_2,61,-308.0926703,-103.963827,614.8274949,1.387051354,2.23976864,-91.85557459,0,0,0,0,0,0,0
Path_2,62,-308.1677478,-103.8252937,614.8649407,1.412557744,2.177554085,-91.83338215,0,0,0,0,0,0,0
Path_2,63,-308.43191,-104.7184815,614.5444298,1.450122402,2.460118023,-91.81810019,0,0,0,0,0,0,0
Path_2,64,-308.030694,-104.4806753,614.4248963,1.383071831,2.383488112,-91.83341179,0,0,0,0,0,0,0
Path_2,65,-308.624586,-104.7681869,614.7043671,1.486202745,2.452794934,-91.87129429,0,0,0,0,0,0,0
Path_2,66,-308.1357117,-104.478677,614.5762095,1.390240618,2.333966893,-91.94859479,0,0,0,0,0,0,0
Path_2,67,-308.158874,-104.7748865,614.683597,1.340406374,2.459430605,-91.84491349,0,0,0,0,0,0,0
Path_2,68,-307.8842857,-104.8746226,614.4015566,1.307000764,2.490838361,-91.80083653,0,0,0,0,0,0,0
Path_2,69,-308.0552559,-104.9628427,614.274918,1.369917735,2.462238583,-91.95062015,0,0,0,0,0,0,0
Path_2,70,-308.2960639,-104.3638243,614.6119307,1.436062106,2.388490878,-91.89759559,0,0,0,0,0,0,0
Path_2,71,-308.128638,-104.4785544,614.4705622,1.465738319,2.369832253,-91.91234163,0,0,0,0,0,0,0
Path_2,72,-308.1016733,-104.404732,614.5161929,1.318797934,2.309421847,-91.78968381,0,0,0,0,0,0,0
Path_2,73,-308.0796119,-104.6164958,614.6372756,1.416307244,2.43059003,-91.78418766,0,0,0,0,0,0,0
Path_2,74,-307.5438825,-103.7325879,602.6036974,1.407160938,2.264091075,-92.02817211,0,0,0,0,0,0,0
Path_2,75,-306.9234526,-101.8155136,586.3422728,1.556244754,2.137554312,-91.76097589,0,0,0,0,0,0,0
Path_2,76,-305.9561018,-102.1547015,569.0007176,1.257501616,2.457272173,-91.91661863,0,0,0,0,0,0,0
Path_2,77,-305.371752,-100.3961629,552.8276911,1.309363115,2.180547002,-91.90444583,0,0,0,0,0,0,0
Path_2,78,-304.5693076,-100.01764,535.9007311,1.31001957,2.371905432,-91.84926703,0,0,0,0,0,0,0
Path_2,79,-303.8438512,-99.41905153,519.2897804,1.243664028,2.331491393,-91.87013983,0,0,0,0,0,0,0
Path_2,80,-303.6266572,-97.80356789,502.8892023,1.352611744,2.220606715,-91.84662031,0,0,0,0,0,0,0
Path_2,81,-302.872187,-96.78233172,486.2665576,1.391764255,2.170045161,-91.66563996,0,0,0,0,0,0,0
Path_2,82,-302.7144508,-96.72605748,482.785281,1.47733398,2.270525486,-91.77916266,0,0,0,0,0,0,0
Path_2,83,-303.3493194,-86.75248003,482.3579147,1.442174685,2.230076754,-91.7342994,0,0,0,0,0,0,0
Path_2,84,-303.8007525,-69.87227909,482.548422,1.457365112,2.189360053,-91.68245948,0,0,0,0,0,0,0
Path_2,85,-304.5688656,-53.09942558,482.5832227,1.465540469,2.218016946,-91.76019747,0,0,0,0,0,0,0
Path_2,86,-304.6450739,-37.38408609,482.6819677,1.451758399,2.205880558,-91.63403779,0,0,0,0,0,0,0
Path_2,87,-304.8175429,-38.24542549,482.461869,1.427836218,2.350348887,-91.95650099,0,0,0,0,0,0,0
Path_2,88,-304.5894942,-38.00561225,482.3446417,1.424583277,2.295641029,-91.83659934,0,0,0,0,0,0,0
Path_2,89,-303.8750471,-36.96535833,481.8571583,1.258120567,2.28041071,-91.56621667,0,0,0,0,0,0,0
Path_2,90,-303.9429879,-36.41097863,481.6174209,1.359361229,2.232524801,-91.56361753,0,0,0,0,0,0,0
Path_2,91,-303.4191485,-36.40246086,480.8486445,1.241456198,2.386877296,-91.43508988,0,0,0,0,0,0,0
Path_2,92,-302.7623376,-36.15330951,479.5478745,1.21903288,2.558646641,-91.16977512,0,0,0,0,0,0,0
Path_2,93,-301.8329843,-34.94655846,479.283097,1.255761269,2.589013506,-90.61072845,0,0,0,0,0,0,0
Path_2,94,-300.6856617,-34.24096948,477.9565682,1.178524037,2.821554116,-90.23136104,0,0,0,0,0,0,0
Path_2,95,-300.0870825,-32.83043885,476.6733625,1.154760911,2.914463513,-89.89445229,0,0,0,0,0,0,0
Path_2,96,-298.6951122,-32.64146709,475.4967117,1.1152225,3.361860293,-89.52712153,0,0,0,0,0,0,0
Path_2,97,-298.0533283,-30.9099642,474.5473945,1.133060581,3.174231315,-88.8103849,0,0,0,0,0,0,0
Path_2,98,-297.1919705,-30.12068707,473.672579,1.114949886,3.335692235,-88.53882152,0,0,0,0,0,0,0
Path_2,99,-296.4988998,-28.7392115,473.5305575,1.12303058,3.264152851,-88.01843281,0,0,0,0,0,0,0
Path_2,100,-295.5769663,-28.36136429,472.5363724,0.950758843,3.41578276,-87.90285675,0,0,0,0,0,0,0
Path_2,101,-295.5165503,-27.98626121,472.3174263,1.036241321,3.453087717,-87.6318274,0,0,0,0,0,0,0
Path_2,102,-295.169173,-28.15463028,472.2582378,1.072197124,3.597761643,-87.49213305,0,0,0,0,0,0,0
Path_2,103,-294.4826106,-27.76181578,472.1131527,1.032473759,3.60773343,-87.43643029,0,0,0,0,0,0,0
Path_2,104,-295.1710347,-27.77007866,472.0814681,1.062276158,3.590543104,-87.51061521,0,0,0,0,0,0,0
Path_2,105,-294.6335891,-28.13223163,472.2554289,1.044777202,3.629501949,-87.47870878,0,0,0,0,0,0,0
Path_2,106,-295.1468368,-28.0168776,472.0353692,1.126424357,3.613696251,-87.39753514,0,0,0,0,0,0,0
Path_2,107,-294.1560502,-28.58400922,471.5089035,0.915156985,3.764894993,-87.59273754,0,0,0,0,0,0,0
Path_2,108,-294.9936487,-28.33362417,471.9004934,1.07945833,3.689394124,-87.47713974,0,0,0,0,0,0,0
Path_2,109,-294.1874157,-27.80976414,471.7132583,0.824401964,3.577535342,-87.51611211,0,0,0,0,0,0,0
Path_2,110,-294.2799218,-28.43377018,471.5099495,0.977581513,3.735926164,-87.52983301,0,0,0,0,0,0,0
Path_2,111,-294.8178388,-28.13178398,471.7309801,1.063022238,3.682616082,-87.53085952,0,0,0,0,0,0,0
Path_2,112,-294.7690023,-27.5545696,471.9007837,0.985400968,3.625369931,-87.50673121,0,0,0,0,0,0,0
Path_2,113,-295.1349982,-27.20152572,471.969519,1.101284037,3.595565831,-87.38687532,0,0,0,0,0,0,0
Path_2,114,-295.3715538,-26.66531526,472.2133634,1.194556787,3.555463382,-87.38123764,0,0,0,0,0,0,0
Path_2,115,-295.4151256,-26.48507944,472.1415762,1.10126187,3.550230951,-87.46741995,0,0,0,0,0,0,0
Path_2,116,-295.2269143,-25.99449249,471.8249006,1.002142198,3.540609448,-87.43147176,0,0,0,0,0,0,0
Path_2,117,-294.7839049,-25.55264778,471.8486976,0.976758271,3.468551919,-87.38163615,0,0,0,0,0,0,0
Path_2,118,-295.7038827,-25.80172221,471.8468179,1.148454332,3.612227155,-87.45045739,0,0,0,0,0,0,0
Path_2,119,-295.5372083,-25.4384763,471.6992253,1.102635953,3.6447369,-87.50490365,0,0,0,0,0,0,0
Path_2,120,-295.1165438,-25.23617422,471.6873444,1.003013973,3.703752482,-87.51151788,0,0,0,0,0,0,0
Path_2,121,-295.7239596,-25.05215962,471.8348886,1.046413902,3.681037576,-87.47100875,0,0,0,0,0,0,0
Path_2,122,-294.5895037,-24.78296343,471.531932,0.929069872,3.722218051,-87.52392049,0,0,0,0,0,0,0
Path_2,123,-295.3773974,-24.16732181,471.8831959,1.065825352,3.606845268,-87.4947795,0,0,0,0,0,0,0
Path_2,124,-295.4799603,-24.25236352,471.9389254,1.134393655,3.67417479,-87.43986166,0,0,0,0,0,0,0
Path_2,125,-295.4892558,-23.106349,472.098835,1.093286201,3.498783503,-87.41659523,0,0,0,0,0,0,0
Path_2,126,-295.3220411,-22.96444666,472.2078148,1.068340783,3.523078015,-87.48322927,0,0,0,0,0,0,0
Path_2,127,-295.3336032,-23.07851565,471.6991494,1.070442651,3.690607472,-87.50765044,0,0,0,0,0,0,0
Path_2,128,-295.461481,-22.2896645,472.2649104,1.144923607,3.529105944,-87.40191633,0,0,0,0,0,0,0
Path_2,129,-295.1955906,-22.00575238,471.9565489,1.028478676,3.531305132,-87.3771002,0,0,0,0,0,0,0
Path_2,130,-295.3280294,-22.2415937,471.9681596,1.083328652,3.635811676,-87.358727,0,0,0,0,0,0,0
Path_2,131,-295.2222428,-22.19554572,471.889051,1.077913601,3.642478936,-87.48007148,0,0,0,0,0,0,0
Path_2,132,-295.207102,-21.74970145,471.7468185,1.013347273,3.712270993,-87.53561925,0,0,0,0,0,0,0
Path_2,133,-294.8539881,-21.51257013,471.6283307,1.020057455,3.742213894,-87.50220566,0,0,0,0,0,0,0
Path_2,134,-295.2504758,-20.47062841,472.0725999,1.13760493,3.528168242,-87.38178998,0,0,0,0,0,0,0
Path_2,135,-295.381494,-20.45029511,471.9052061,1.018718422,3.583082974,-87.43659277,0,0,0,0,0,0,0
Path_2,136,-295.4110531,-19.93483205,472.1338636,1.111763064,3.571079767,-87.43702771,0,0,0,0,0,0,0
Path_2,137,-295.2415019,-20.25421422,471.7961214,1.052499759,3.660287739,-87.46222823,0,0,0,0,0,0,0
Path_2,138,-295.3894886,-19.68380428,471.8344635,0.990217724,3.607772856,-87.49540713,0,0,0,0,0,0,0
Path_2,139,-295.0414967,-18.68052812,472.099877,1.073394786,3.548233893,-87.33219039,0,0,0,0,0,0,0
Path_2,140,-294.8828382,-18.94552487,471.9021072,1.034772995,3.607306815,-87.37431281,0,0,0,0,0,0,0
Path_2,141,-295.228651,-18.74704951,471.9612183,1.102911427,3.612517812,-87.45574077,0,0,0,0,0,0,0
Path_2,142,-295.3559057,-18.68412414,471.7112747,1.044619412,3.706885243,-87.49685209,0,0,0,0,0,0,0
Path_2,143,-294.7514553,-17.77993427,471.8421596,0.98480884,3.662138222,-87.41963828,0,0,0,0,0,0,0
Path_2,144,-295.4959609,-18.01439488,471.8903906,1.112393889,3.650517323,-87.43954641,0,0,0,0,0,0,0
Path_2,145,-295.1093417,-17.48283135,471.6936054,0.969911353,3.590873414,-87.4556155,0,0,0,0,0,0,0
Path_2,146,-295.3701829,-17.13369896,472.0170203,1.072483497,3.600186565,-87.46019687,0,0,0,0,0,0,0
Path_2,147,-295.1306268,-16.95187847,471.7353918,1.064703822,3.650192906,-87.51908045,0,0,0,0,0,0,0
Path_2,148,-295.0183628,-16.55949171,471.4411734,0.963268187,3.68830869,-87.50333416,0,0,0,0,0,0,0
Path_2,149,-294.9701035,-16.20850562,471.8750869,1.072013062,3.632321569,-87.4136946,0,0,0,0,0,0,0
Path_2,150,-295.3453083,-15.56674991,471.9651386,1.114742261,3.607289987,-87.45178055,0,0,0,0,0,0,0
Path_2,151,-294.3248722,-15.01147631,471.875842,0.912358875,3.468424714,-87.3806868,0,0,0,0,0,0,0
Path_2,152,-295.1759226,-15.26169589,471.6924324,0.979029264,3.591876345,-87.43668278,0,0,0,0,0,0,0
Path_2,153,-294.8646229,-15.22436571,471.9597946,0.993466229,3.67398626,-87.52563125,0,0,0,0,0,0,0
Path_2,154,-295.4134105,-15.05496496,472.0585044,1.139563922,3.642606626,-87.38842117,0,0,0,0,0,0,0
Path_2,155,-295.4962175,-14.66574346,471.9407723,1.145089848,3.659660134,-87.35091824,0,0,0,0,0,0,0
Path_2,156,-295.2939705,-14.4802606,471.5038757,1.029989041,3.744126632,-87.53152971,0,0,0,0,0,0,0
Path_2,157,-295.0953365,-13.47832933,471.8541202,1.016825754,3.53550549,-87.35338193,0,0,0,0,0,0,0
Path_2,158,-295.4045398,-13.35462275,472.0870419,1.127677803,3.516527606,-87.50098702,0,0,0,0,0,0,0
Path_2,159,-295.5804074,-13.35396926,472.0882295,1.1439699,3.621956095,-87.39779798,0,0,0,0,0,0,0
Path_2,160,-295.1997569,-12.89139522,471.8468664,1.049644566,3.628962087,-87.46432111,0,0,0,0,0,0,0
Path_2,161,-295.023361,-12.62840811,471.7304846,1.018991776,3.609508743,-87.27436563,0,0,0,0,0,0,0
Path_2,162,-294.9274351,-12.19965697,471.9975121,1.001971178,3.597285309,-87.37992149,0,0,0,0,0,0,0
Path_2,163,-295.2988434,-11.93187662,472.0559643,1.127153031,3.606091756,-87.42738008,0,0,0,0,0,0,0
Path_2,164,-294.9467619,-11.62526602,471.9680647,1.116661754,3.614191113,-87.46070663,0,0,0,0,0,0,0
Path_2,165,-294.7546757,-10.86703134,471.9453058,0.961572131,3.538319517,-87.3296474,0,0,0,0,0,0,0
Path_2,166,-295.2288945,-11.29801791,471.828205,1.064754402,3.619576135,-87.47629915,0,0,0,0,0,0,0
Path_2,167,-295.3101808,-10.22847401,471.9017582,1.028349269,3.517744926,-87.37922194,0,0,0,0,0,0,0
Path_2,168,-295.3420723,-10.04843071,472.1187459,1.114127042,3.541817583,-87.44279301,0,0,0,0,0,0,0
Path_2,169,-295.0409022,-10.05211961,471.7124961,0.953896409,3.554996466,-87.43199575,0,0,0,0,0,0,0
Path_2,170,-295.2441336,-10.28060318,471.6422965,1.038916822,3.65295634,-87.52024964,0,0,0,0,0,0,0
Path_2,171,-295.4290271,-9.461279749,472.0543201,1.123006831,3.590299828,-87.46235299,0,0,0,0,0,0,0
Path_2,172,-295.3296697,-8.893434688,472.10015,1.045863106,3.556060149,-87.46659704,0,0,0,0,0,0,0
Path_2,173,-295.0484389,-8.874544987,471.7264389,1.008305797,3.677649179,-87.41748351,0,0,0,0,0,0,0
Path_2,174,-295.2203965,-8.11522972,472.3108128,1.186392935,3.52508633,-87.4506393,0,0,0,0,0,0,0
Path_2,175,-295.2958748,-8.189070639,471.8150276,1.020039424,3.6131176,-87.41125428,0,0,0,0,0,0,0
Path_2,176,-295.2301048,-8.459132304,471.9094562,1.081336674,3.70692282,-87.49841012,0,0,0,0,0,0,0
Path_2,177,-295.1735123,-7.335603562,471.8255271,0.946049683,3.527955228,-87.47317594,0,0,0,0,0,0,0
Path_2,178,-295.3015644,-7.442276063,472.007753,1.101623839,3.627479522,-87.4360186,0,0,0,0,0,0,0
Path_2,179,-295.3907712,-6.894828411,471.818261,1.015373595,3.553607353,-87.46159023,0,0,0,0,0,0,0
Path_2,180,-294.8621599,-6.667390828,471.8014948,0.943777833,3.617250395,-87.47296452,0,0,0,0,0,0,0
Path_2,181,-295.0536744,-6.460995991,471.6956443,0.971231764,3.564688942,-87.48254225,0,0,0,0,0,0,0
Path_2,182,-295.337447,-6.250285901,471.8960225,1.034655378,3.665023286,-87.44270941,0,0,0,0,0,0,0
Path_2,183,-294.9783085,-5.636181206,471.7463204,1.040005123,3.595750911,-87.34248438,0,0,0,0,0,0,0
Path_2,184,-295.2328002,-5.189797119,472.0604315,1.062457304,3.537289177,-87.47646139,0,0,0,0,0,0,0
Path_2,185,-295.3832316,-4.689532301,471.9018359,1.046413018,3.505937077,-87.39125658,0,0,0,0,0,0,0
Path_2,186,-295.3200104,-4.392248306,472.2030679,1.074063733,3.355203006,-87.48769032,0,0,0,0,0,0,0
Path_2,187,-295.4065233,-4.892868949,471.9204219,1.072037034,3.645807649,-87.48611401,0,0,0,0,0,0,0
Path_2,188,-295.2442178,-3.794184013,472.139486,1.053191176,3.550717008,-87.37079858,0,0,0,0,0,0,0
Path_2,189,-294.8666578,-4.054100159,471.785737,0.997587658,3.701594498,-87.47395823,0,0,0,0,0,0,0
Path_2,190,-295.4475561,-3.831896646,471.943128,1.147112711,3.63056562,-87.35815625,0,0,0,0,0,0,0
Path_2,191,-295.4903624,-3.226423013,472.0561969,1.120627817,3.551984869,-87.4601756,0,0,0,0,0,0,0
Path_2,192,-295.2824748,-2.971578161,472.1781358,1.091270359,3.634839409,-87.41869185,0,0,0,0,0,0,0
Path_2,193,-295.2695967,-2.700300778,471.8872661,0.997467176,3.62984453,-87.4793092,0,0,0,0,0,0,0
Path_2,194,-295.5782684,-2.334972482,472.1347702,1.100138323,3.573841042,-87.49469574,0,0,0,0,0,0,0
Path_2,195,-295.3127141,-2.28365296,471.6559437,1.050469005,3.681845796,-87.52496226,0,0,0,0,0,0,0
Path_2,196,-294.9370764,-1.836268563,471.7926693,1.033460006,3.724361517,-87.42936482,0,0,0,0,0,0,0
Path_2,197,-295.1544728,-1.577769727,471.8464273,1.040688422,3.647579623,-87.48200064,0,0,0,0,0,0,0
Path_2,198,-294.6803957,-1.023302219,471.6919602,0.892920272,3.647391614,-87.53739255,0,0,0,0,0,0,0
Path_2,199,-295.0827386,-0.982577174,471.8823874,1.034445032,3.663415675,-87.43737152,0,0,0,0,0,0,0
Path_2,200,-295.1001565,-0.615707939,471.8196647,0.985649814,3.612893413,-87.37061419,0,0,0,0,0,0,0
Path_2,201,-295.5970158,-0.364892461,472.041199,1.155954291,3.69410656,-87.40846907,0,0,0,0,0,0,0
Path_2,202,-294.5336818,0.18255521,471.7755785,0.901045205,3.559121361,-87.44957743,0,0,0,0,0,0,0
Path_2,203,-294.9236841,0.520003146,472.3155876,1.057639262,3.629790817,-87.46387692,0,0,0,0,0,0,0
Path_2,204,-295.1226964,0.697935391,472.110225,1.009133625,3.633588268,-87.43847896,0,0,0,0,0,0,0
Path_2,205,-295.320112,1.46211985,471.9831635,1.014766257,3.563373944,-87.40997459,0,0,0,0,0,0,0
Path_2,206,-295.3956808,1.487908793,472.0832636,1.13045014,3.579252407,-87.44270391,0,0,0,0,0,0,0
Path_2,207,-295.4910459,1.995713378,472.0594777,1.025014177,3.461947464,-87.45432294,0,0,0,0,0,0,0
Path_2,208,-295.0806622,2.262456621,472.109811,0.968786712,3.542885097,-87.47753119,0,0,0,0,0,0,0
Path_2,209,-295.0499147,2.523841388,471.7654263,0.994328324,3.552635027,-87.38790065,0,0,0,0,0,0,0
Path_2,210,-295.4192961,2.154041476,471.7680019,1.031279845,3.641641118,-87.47108059,0,0,0,0,0,0,0
Path_2,211,-295.315939,2.893092433,472.0771944,1.115764842,3.614765569,-87.30869235,0,0,0,0,0,0,0
Path_2,212,-295.1401041,3.828107618,472.0140975,0.965264902,3.495913447,-87.46531107,0,0,0,0,0,0,0
Path_2,213,-295.2707935,3.497177635,472.1184941,1.096463746,3.577079498,-87.40196145,0,0,0,0,0,0,0
Path_2,214,-295.2076692,3.738216652,471.9142354,0.979538901,3.605906794,-87.40289631,0,0,0,0,0,0,0
Path_2,215,-295.1739521,4.369247016,472.1516691,0.977052452,3.318006699,-87.41000074,0,0,0,0,0,0,0
Path_2,216,-295.4534323,4.852906448,472.3461374,1.140948659,3.499450486,-87.41722753,0,0,0,0,0,0,0
Path_2,217,-295.1737158,4.841464189,471.9807879,1.044326502,3.626080355,-87.50579107,0,0,0,0,0,0,0
Path_2,218,-295.5772929,5.437606665,472.1801734,1.118671914,3.537888564,-87.31749504,0,0,0,0,0,0,0
Path_2,219,-295.2763837,5.156611379,471.6776824,0.989285067,3.656501933,-87.45968528,0,0,0,0,0,0,0
Path_2,220,-295.6589761,5.923697178,472.1095776,1.092662741,3.480022995,-87.44265869,0,0,0,0,0,0,0
Path_2,221,-295.486197,5.921615934,471.8949441,1.064023172,3.537424452,-87.36940881,0,0,0,0,0,0,0
Path_2,222,-295.0866878,6.298587793,471.8387464,0.973970431,3.597620163,-87.41390438,0,0,0,0,0,0,0
Path_2,223,-295.1865892,6.232456056,471.6542579,1.024716851,3.69535801,-87.4835675,0,0,0,0,0,0,0
Path_2,224,-295.3298857,7.117091178,471.8765826,0.997486615,3.562865235,-87.43999392,0,0,0,0,0,0,0
Path_2,225,-295.3734495,7.048357007,471.9855018,1.079303678,3.626885275,-87.46624121,0,0,0,0,0,0,0
Path_2,226,-295.3826721,8.113383846,472.1619461,0.932909232,3.217577961,-87.42757384,0,0,0,0,0,0,0
Path_2,227,-295.4541635,8.018708434,472.0185348,1.042005001,3.523804395,-87.50740017,0,0,0,0,0,0,0
Path_2,228,-295.5652768,7.998128678,471.795595,1.011901883,3.633584428,-87.48714874,0,0,0,0,0,0,0
Path_2,229,-294.8191973,7.91894049,471.5484127,0.980937173,3.738547038,-87.5264978,0,0,0,0,0,0,0
Path_2,230,-295.4269481,8.395834814,471.7397742,1.044528755,3.657385014,-87.49585305,0,0,0,0,0,0,0
Path_2,231,-294.9853957,9.126536599,471.8296827,1.005757608,3.58958751,-87.45042751,0,0,0,0,0,0,0
Path_2,232,-294.9898102,9.419352304,471.917717,0.928192651,3.596324694,-87.4130811,0,0,0,0,0,0,0
Path_2,233,-295.5299964,9.556835831,472.0678833,1.124992137,3.601144258,-87.36693255,0,0,0,0,0,0,0
Path_2,234,-295.4939695,9.350379951,471.970586,1.069147891,3.746732404,-87.46852089,0,0,0,0,0,0,0
Path_2,235,-295.401483,9.905864604,471.6301788,1.022019119,3.723020297,-87.51553403,0,0,0,0,0,0,0
Path_2,236,-294.854799,10.02688552,471.8837706,0.907019799,3.707848749,-87.48575347,0,0,0,0,0,0,0
Path_2,237,-295.3302086,10.99458916,472.1780495,1.120418494,3.560749913,-87.44203121,0,0,0,0,0,0,0
Path_2,238,-295.3030213,10.72768727,471.5732601,1.012451236,3.74446332,-87.55684549,0,0,0,0,0,0,0
Path_2,239,-295.2750919,10.85045894,471.7978977,0.976465073,3.658076076,-87.50999893,0,0,0,0,0,0,0
Path_2,240,-295.1893276,11.73220554,472.1167975,1.032634128,3.610785576,-87.5466581,0,0,0,0,0,0,0
Path_2,241,-295.4228828,12.16801801,472.0290413,1.049358839,3.564523278,-87.51238346,0,0,0,0,0,0,0
Path_2,242,-294.9799387,12.30071174,471.8660842,0.954363709,3.683567453,-87.4614883,0,0,0,0,0,0,0
Path_2,243,-295.3707751,12.67789415,471.843099,1.073434802,3.610125875,-87.43860162,0,0,0,0,0,0,0
Path_2,244,-294.8994795,13.05921716,472.0630409,1.073509688,3.61478196,-87.44299529,0,0,0,0,0,0,0
Path_2,245,-295.1503634,13.33403889,471.7331945,1.027300339,3.595422274,-87.43804172,0,0,0,0,0,0,0
Path_2,246,-295.0884841,13.45227778,471.7697983,1.005879607,3.61551141,-87.47580735,0,0,0,0,0,0,0
Path_2,247,-295.6724383,13.7433873,472.004537,1.105882552,3.614213189,-87.48444873,0,0,0,0,0,0,0
Path_2,248,-295.5382792,14.32839272,472.1268887,1.13711855,3.579989791,-87.36310314,0,0,0,0,0,0,0
Path_2,249,-295.0812849,14.37920452,471.8139964,0.930602717,3.617589665,-87.48684972,0,0,0,0,0,0,0
Path_2,250,-295.032508,14.54452839,472.0160571,1.09017909,3.625365165,-87.40850563,0,0,0,0,0,0,0
Path_2,251,-295.0308219,15.16811528,471.9234404,0.984819944,3.551481513,-87.48881886,0,0,0,0,0,0,0
Path_2,252,-295.0851883,14.85890733,471.5255278,0.986928276,3.743219434,-87.57083727,0,0,0,0,0,0,0
Path_2,253,-295.1966734,15.49079781,471.8371458,1.013626251,3.682614667,-87.51429078,0,0,0,0,0,0,0
Path_2,254,-295.1983298,16.62899536,472.221124,1.056100693,3.490642916,-87.53436306,0,0,0,0,0,0,0
Path_2,255,-295.4226672,16.77880878,472.2910633,1.100164227,3.526575884,-87.4493887,0,0,0,0,0,0,0
Path_2,256,-295.4106319,16.70063465,471.9985405,1.05654417,3.601170201,-87.47558779,0,0,0,0,0,0,0
Path_2,257,-295.2328259,17.2793766,472.1858306,1.168029395,3.552259919,-87.38388521,0,0,0,0,0,0,0
Path_2,258,-295.1340462,17.15598411,471.8369974,0.991359354,3.673998744,-87.49217852,0,0,0,0,0,0,0
Path_2,259,-295.2850398,17.50128913,471.8097463,0.982283334,3.568548484,-87.42752031,0,0,0,0,0,0,0
Path_2,260,-295.3020973,17.89631093,471.9413234,1.071046927,3.660061524,-87.45224399,0,0,0,0,0,0,0
Path_2,261,-295.3596594,18.25165171,471.7748553,1.013862214,3.650428526,-87.51618652,0,0,0,0,0,0,0
Path_2,262,-295.3434692,18.82878814,471.8257449,1.051899262,3.624617478,-87.52966157,0,0,0,0,0,0,0
Path_2,263,-295.5108575,18.4747974,471.8915336,1.076190232,3.627940675,-87.40307123,0,0,0,0,0,0,0
Path_2,264,-295.44864,19.02127972,471.898241,1.02495267,3.651331152,-87.41104032,0,0,0,0,0,0,0
Path_2,265,-295.6186596,19.63377603,471.9692829,1.046306041,3.55228809,-87.48667986,0,0,0,0,0,0,0
Path_2,266,-295.5272571,19.66733756,471.8883651,1.012394218,3.588338211,-87.45703175,0,0,0,0,0,0,0
Path_2,267,-295.3075801,20.24656486,471.8587654,1.028060178,3.590163138,-87.38828598,0,0,0,0,0,0,0
Path_2,268,-295.475469,20.42099858,471.853495,0.970101958,3.557255391,-87.55015744,0,0,0,0,0,0,0
Path_2,269,-295.4662736,20.75700159,472.0723975,1.097707825,3.582359489,-87.50099198,0,0,0,0,0,0,0
Path_2,270,-295.4122684,21.04684175,472.2314237,1.197310671,3.591679742,-87.37957817,0,0,0,0,0,0,0
Path_2,271,-295.3094527,21.15348168,472.0389398,0.997500556,3.641024821,-87.42644258,0,0,0,0,0,0,0
Path_2,272,-295.2485841,21.32312228,472.0309162,1.046268615,3.630303349,-87.47444683,0,0,0,0,0,0,0
Path_2,273,-295.1187792,21.43795512,471.6312868,0.928426471,3.709824025,-87.44440229,0,0,0,0,0,0,0
Path_2,274,-295.4842209,22.56233184,472.1902108,1.140400167,3.527920781,-87.38949225,0,0,0,0,0,0,0
Path_2,275,-295.4609381,22.4364383,471.9697827,1.096571467,3.618208075,-87.47196038,0,0,0,0,0,0,0
Path_2,276,-295.596897,22.75833604,472.0443332,1.068216933,3.566875053,-87.46141422,0,0,0,0,0,0,0
Path_2,277,-295.6379443,22.6762748,471.5110582,0.960314842,3.686895323,-87.59157636,0,0,0,0,0,0,0
Path_2,278,-295.2413075,23.2645527,471.9588376,1.021139446,3.580203564,-87.44246111,0,0,0,0,0,0,0
Path_2,279,-294.646299,23.7496115,471.6298823,0.802563319,3.557603745,-87.52216716,0,0,0,0,0,0,0
Path_2,280,-295.4389011,24.08994046,471.9046234,0.975766436,3.593682501,-87.40003674,0,0,0,0,0,0,0
Path_2,281,-295.4600664,24.18224805,471.8081421,1.033726316,3.561710633,-87.44113887,0,0,0,0,0,0,0
Path_2,282,-295.5358137,25.16065132,472.1789373,1.103368159,3.512631241,-87.40374087,0,0,0,0,0,0,0
Path_2,283,-294.9965555,24.63788544,471.8793206,1.002342984,3.716296316,-87.56593635,0,0,0,0,0,0,0
Path_2,284,-295.3553012,25.38172034,471.9997639,0.960369605,3.584993202,-87.47302775,0,0,0,0,0,0,0
Path_2,285,-295.5641048,25.77854228,472.0589519,1.078709434,3.538266289,-87.467579,0,0,0,0,0,0,0
Path_2,286,-295.4217801,25.80470081,471.7268285,0.935745751,3.578094693,-87.44358243,0,0,0,0,0,0,0
Path_2,287,-295.3533032,26.38214057,471.9018953,0.983968664,3.56941227,-87.43714507,0,0,0,0,0,0,0
Path_2,288,-295.3627,26.42122305,471.7914318,0.985227439,3.592442916,-87.43634588,0,0,0,0,0,0,0
Path_2,289,-295.2512887,26.64003278,471.8885538,1.067973581,3.673437218,-87.47032488,0,0,0,0,0,0,0
Path_2,290,-295.210575,27.13846964,471.9168141,0.986628009,3.629557125,-87.46550972,0,0,0,0,0,0,0
Path_2,291,-295.3828446,27.63449311,471.9147712,0.970359891,3.630108586,-87.41055039,0,0,0,0,0,0,0
Path_2,292,-295.5875403,27.29484961,471.6756764,1.023843938,3.733750394,-87.49346544,0,0,0,0,0,0,0
Path_2,293,-295.6715235,27.69208402,471.54294,0.959875299,3.718997209,-87.50687742,0,0,0,0,0,0,0
Path_2,294,-295.2287437,28.47712133,471.8226675,0.986517923,3.547866799,-87.40514956,0,0,0,0,0,0,0
Path_2,295,-295.4882651,28.60514867,471.8881713,0.997165707,3.610982795,-87.49424682,0,0,0,0,0,0,0
Path_2,296,-295.5774356,28.85478927,472.1180557,1.105938495,3.606129854,-87.47104816,0,0,0,0,0,0,0
Path_2,297,-295.6606348,29.28145958,471.9994205,1.08477648,3.551245917,-87.46027914,0,0,0,0,0,0,0
Path_2,298,-296.1543746,29.17074488,471.8844332,1.094036306,3.690237651,-87.5178705,0,0,0,0,0,0,0
Path_2,299,-295.1485145,29.8761186,471.8517157,0.859863633,3.589418465,-87.47441244,0,0,0,0,0,0,0
Path_2,300,-295.3193184,30.01242306,471.9015547,1.007346495,3.679540127,-87.40991311,0,0,0,0,0,0,0
Path_2,301,-295.5058602,30.54947532,472.2162495,1.074793983,3.578885828,-87.42216542,0,0,0,0,0,0,0
Path_2,302,-295.5127359,30.59320384,471.8993611,1.053742003,3.641016915,-87.34179731,0,0,0,0,0,0,0
Path_2,303,-294.5949502,31.4735736,471.6717878,0.822260797,3.528901523,-87.42140691,0,0,0,0,0,0,0
Path_2,304,-295.7655155,30.99871207,471.706952,0.987860006,3.664954479,-87.59932867,0,0,0,0,0,0,0
Path_2,305,-295.7229382,30.99919968,471.8544614,1.089293415,3.704229346,-87.49199602,0,0,0,0,0,0,0
Path_2,306,-295.2680646,31.92358108,471.9723039,1.058314824,3.625509119,-87.40658076,0,0,0,0,0,0,0
Path_2,307,-295.6431537,32.46367793,472.1710659,1.113849186,3.530656389,-87.39201347,0,0,0,0,0,0,0
Path_2,308,-295.6886333,32.99347557,472.315952,1.148453304,3.515432243,-87.32952568,0,0,0,0,0,0,0
Path_2,309,-295.8784183,32.80127546,472.0460821,1.142703117,3.58936621,-87.53602533,0,0,0,0,0,0,0
Path_2,310,-295.7055629,33.56516251,472.0688958,1.105899493,3.523818102,-87.46426676,0,0,0,0,0,0,0
Path_2,311,-295.4302925,33.00702817,471.6221277,0.992113737,3.692359185,-87.53711165,0,0,0,0,0,0,0
Path_2,312,-295.4544612,33.79586717,472.0592532,1.091957548,3.607550134,-87.44968129,0,0,0,0,0,0,0
Path_2,313,-295.2639226,34.19018098,471.9285318,0.963033417,3.572055359,-87.46434374,0,0,0,0,0,0,0
Path_2,314,-295.7768512,34.66053171,472.1702275,1.103869118,3.545675443,-87.44877407,0,0,0,0,0,0,0
Path_2,315,-295.6459183,34.32203297,471.5776492,0.982011589,3.724584745,-87.53600688,0,0,0,0,0,0,0
Path_2,316,-295.7324886,35.32723668,472.2382092,1.055108989,3.557497284,-87.4827399,0,0,0,0,0,0,0
Path_2,317,-295.5290189,35.66211066,471.8783789,0.978090334,3.508541186,-87.43716596,0,0,0,0,0,0,0
Path_2,318,-295.0968538,35.41817356,472.1571219,1.008037002,3.720985192,-87.38720945,0,0,0,0,0,0,0
Path_2,319,-295.2325496,35.75901734,471.9573595,1.028215689,3.638778161,-87.45117249,0,0,0,0,0,0,0
Path_2,320,-295.5637836,36.63773446,472.053323,0.990461176,3.562128222,-87.47807556,0,0,0,0,0,0,0
Path_2,321,-295.446838,36.46673747,471.7500707,0.934491302,3.614080186,-87.415552,0,0,0,0,0,0,0
Path_2,322,-295.5246241,36.37122168,471.345021,0.905589296,3.743120383,-87.47871211,0,0,0,0,0,0,0
Path_2,323,-295.653605,37.44538842,472.3829768,1.125981792,3.540773306,-87.38929514,0,0,0,0,0,0,0
Path_2,324,-295.4121294,37.20947087,471.7604682,0.959572281,3.649170482,-87.46653288,0,0,0,0,0,0,0
Path_2,325,-295.7236371,38.12016156,472.1116844,1.020656523,3.532122154,-87.4407136,0,0,0,0,0,0,0
Path_2,326,-295.6787702,38.35826033,471.9113337,0.962016256,3.520539598,-87.46238836,0,0,0,0,0,0,0
Path_2,327,-295.4590287,38.54556332,472.0750482,1.022709934,3.592299914,-87.36534717,0,0,0,0,0,0,0
Path_2,328,-295.6704129,38.58085528,471.8524716,0.983702175,3.633711236,-87.41920863,0,0,0,0,0,0,0
Path_2,329,-295.8129412,39.01070204,472.2171791,1.081409537,3.599135717,-87.51377813,0,0,0,0,0,0,0
Path_2,330,-295.9978041,38.806437,471.5441355,0.930725158,3.739816248,-87.5453221,0,0,0,0,0,0,0
Path_2,331,-295.5564219,39.48944837,471.6565955,1.002798626,3.713059824,-87.43069139,0,0,0,0,0,0,0
Path_2,332,-295.6278156,39.87139722,471.9297037,1.056933348,3.623321835,-87.44292046,0,0,0,0,0,0,0
Path_2,333,-295.7605992,40.26162417,472.0603325,1.126827271,3.598362018,-87.42265269,0,0,0,0,0,0,0
Path_2,334,-295.4792764,40.42740106,471.7200596,0.947207783,3.57831696,-87.48323212,0,0,0,0,0,0,0
Path_2,335,-295.4938936,40.9778467,472.1102423,1.061129619,3.582580029,-87.41297305,0,0,0,0,0,0,0
Path_2,336,-295.6930978,40.83775257,471.8196986,0.956816522,3.699399175,-87.56180425,0,0,0,0,0,0,0
Path_2,337,-295.5864094,40.79199187,471.3572115,0.884411142,3.734759438,-87.64630414,0,0,0,0,0,0,0
Path_2,338,-295.5225108,41.61060253,471.8485425,1.051866898,3.632837341,-87.47273708,0,0,0,0,0,0,0
Path_2,339,-295.7479595,41.7990211,472.1250951,1.131225816,3.635943959,-87.39463855,0,0,0,0,0,0,0
Path_2,340,-295.2325062,42.31062317,471.9270307,0.942861785,3.631713767,-87.46632993,0,0,0,0,0,0,0
Path_2,341,-295.6078984,42.54481382,472.21371,1.124485022,3.604417319,-87.42887522,0,0,0,0,0,0,0
Path_2,342,-295.5177402,42.82704177,472.1045382,1.055591943,3.637929875,-87.45229167,0,0,0,0,0,0,0
Path_2,343,-295.4685069,43.08435385,471.8674415,0.988053878,3.605713728,-87.46157204,0,0,0,0,0,0,0
Path_2,344,-295.6905811,43.44396656,471.8673533,1.035666267,3.62797177,-87.44697844,0,0,0,0,0,0,0
Path_2,345,-295.5528266,44.26920112,472.1940551,1.017166368,3.540574999,-87.4359496,0,0,0,0,0,0,0
Path_2,346,-295.0788866,44.29823052,472.262414,1.10447148,3.593753315,-87.45269405,0,0,0,0,0,0,0
Path_2,347,-295.5540416,44.22559055,471.8509571,1.002845662,3.628108169,-87.51206925,0,0,0,0,0,0,0
Path_2,348,-295.433018,44.72531728,472.0220628,1.029284803,3.612198113,-87.43869471,0,0,0,0,0,0,0
Path_2,349,-295.3576901,44.21993674,471.6292363,0.991453042,3.754597553,-87.59861086,0,0,0,0,0,0,0
Path_2,350,-295.5985954,44.88446337,471.738397,0.981013137,3.709369852,-87.59644803,0,0,0,0,0,0,0
Path_2,351,-295.6609105,45.66689024,472.2431035,1.110418856,3.592587938,-87.43382009,0,0,0,0,0,0,0
Path_2,352,-295.7872936,45.487756,471.7287126,0.997474559,3.70183912,-87.6054538,0,0,0,0,0,0,0
Path_2,353,-295.4932472,46.32416659,472.0071926,1.032219225,3.565018625,-87.46659756,0,0,0,0,0,0,0
Path_2,354,-296.0024329,46.93024556,472.3479765,1.181803895,3.532046485,-87.45964118,0,0,0,0,0,0,0
Path_2,355,-295.4876474,46.99319016,471.9886705,1.024780356,3.602458385,-87.51084285,0,0,0,0,0,0,0
Path_2,356,-295.6664597,47.35894983,472.2681647,1.062883675,3.594727716,-87.50553438,0,0,0,0,0,0,0
Path_2,357,-295.6083938,47.98590336,471.9604879,0.990323328,3.481292541,-87.37988328,0,0,0,0,0,0,0
Path_2,358,-295.5898439,47.30862964,471.7232741,0.996584041,3.691559326,-87.54180562,0,0,0,0,0,0,0
Path_2,359,-295.4987607,47.99033701,471.9040648,0.986455837,3.59176806,-87.45243598,0,0,0,0,0,0,0
Path_2,360,-295.2987994,48.38404823,471.8837997,0.98906127,3.61414075,-87.49381955,0,0,0,0,0,0,0
Path_2,361,-295.9220083,48.8082061,472.0266457,1.018749615,3.600582381,-87.43183141,0,0,0,0,0,0,0
Path_2,362,-295.7134848,48.73505394,471.550512,0.922662305,3.709894102,-87.60969648,0,0,0,0,0,0,0
Path_2,363,-295.1616638,49.53717212,471.759671,0.900282682,3.60633523,-87.42268151,0,0,0,0,0,0,0
Path_2,364,-295.7780774,49.51194609,471.8709574,0.995385022,3.606119986,-87.40538055,0,0,0,0,0,0,0
Path_2,365,-295.7845562,49.65458333,471.8612637,1.045553383,3.685531523,-87.4114953,0,0,0,0,0,0,0
Path_2,366,-295.4199386,50.42063001,472.0760085,1.070010015,3.610262059,-87.42053706,0,0,0,0,0,0,0
Path_2,367,-296.101834,50.31487496,472.1156508,1.152239476,3.621971509,-87.50776297,0,0,0,0,0,0,0
Path_2,368,-295.5776173,50.87415833,472.0548448,1.016713985,3.61554158,-87.42981321,0,0,0,0,0,0,0
Path_2,369,-295.6677473,51.10592943,472.1179046,1.18816592,3.632000239,-87.42862083,0,0,0,0,0,0,0
Path_2,370,-295.4914789,52.09200854,472.1950321,1.007597389,3.506653078,-87.37811603,0,0,0,0,0,0,0
Path_2,371,-295.8416166,51.23409228,471.738749,1.122097074,3.769147872,-87.58041254,0,0,0,0,0,0,0
Path_2,372,-295.775292,51.77500297,471.5525204,1.044492732,3.694988451,-87.42889426,0,0,0,0,0,0,0
Path_2,373,-295.564134,52.26791948,472.0608598,1.075280574,3.620786858,-87.43852615,0,0,0,0,0,0,0
Path_2,374,-295.7011435,52.24763831,471.6306297,0.969490783,3.686894555,-87.55720165,0,0,0,0,0,0,0
Path_2,375,-295.4709717,52.82885741,471.9472767,1.043923313,3.631783868,-87.48911942,0,0,0,0,0,0,0
Path_2,376,-295.1895698,53.11108998,471.9031279,1.016137589,3.63825296,-87.47235915,0,0,0,0,0,0,0
Path_2,377,-295.4843888,53.21704392,471.6591919,0.93277516,3.744617725,-87.55579049,0,0,0,0,0,0,0
Path_2,378,-295.6530047,53.7832151,471.9696458,1.037346566,3.633507803,-87.45156926,0,0,0,0,0,0,0
Path_2,379,-295.631861,53.84865723,471.8592023,1.030969996,3.669618211,-87.51599493,0,0,0,0,0,0,0
Path_2,380,-295.3814161,54.60052585,472.0454228,0.973055094,3.575834295,-87.36722771,0,0,0,0,0,0,0
Path_2,381,-295.6466879,55.12006437,472.0881158,1.015263203,3.53096199,-87.44619016,0,0,0,0,0,0,0
Path_2,382,-295.372131,55.48691253,472.1302619,0.999150053,3.594390548,-87.47241011,0,0,0,0,0,0,0
Path_2,383,-295.682343,55.71020633,472.0296602,1.035578364,3.610008558,-87.44191241,0,0,0,0,0,0,0
Path_2,384,-295.8429447,56.68270414,472.3819415,1.16719493,3.475099647,-87.33434232,0,0,0,0,0,0,0
Path_2,385,-295.4458938,55.84947494,471.8067462,0.931990934,3.666918894,-87.47533144,0,0,0,0,0,0,0
Path_2,386,-295.6275395,55.75294734,471.6708822,1.044099899,3.716194519,-87.58258393,0,0,0,0,0,0,0
Path_2,387,-295.4268497,56.65143335,471.9187217,0.94213179,3.636493574,-87.42930079,0,0,0,0,0,0,0
Path_2,388,-295.4033544,56.89340376,471.961457,1.015342724,3.67248672,-87.3735049,0,0,0,0,0,0,0
Path_2,389,-295.526246,57.13343713,471.699439,0.931576568,3.635655096,-87.48039226,0,0,0,0,0,0,0
Path_2,390,-295.345408,57.62881648,471.8173832,0.911074725,3.638901488,-87.40141178,0,0,0,0,0,0,0
Path_2,391,-295.0301375,57.78985102,471.7699715,0.846403996,3.606543559,-87.59274621,0,0,0,0,0,0,0
Path_2,392,-295.5603426,58.45191316,471.9791533,0.967873876,3.58612209,-87.50753187,0,0,0,0,0,0,0
Path_2,393,-295.4512817,58.12981602,471.6515479,0.89459885,3.689860188,-87.6109371,0,0,0,0,0,0,0
Path_2,394,-295.3177935,58.62461394,472.1053335,0.976765141,3.674668829,-87.56591172,0,0,0,0,0,0,0
Path_2,395,-295.5018382,58.82679371,471.8865875,0.957018266,3.693046457,-87.38865574,0,0,0,0,0,0,0
Path_2,396,-295.8316888,58.94782669,471.922182,1.014857979,3.662677369,-87.58856466,0,0,0,0,0,0,0
Path_2,397,-295.6978444,59.32717633,471.5212511,0.909278171,3.744924585,-87.58853166,0,0,0,0,0,0,0
Path_2,398,-295.4110485,60.14205346,471.9078267,0.987798505,3.68317853,-87.43144316,0,0,0,0,0,0,0
Path_2,399,-295.7124709,60.66907934,472.1453827,1.036672599,3.527228632,-87.4668111,0,0,0,0,0,0,0
Path_2,400,-295.5105996,59.96262199,471.6026696,0.965249396,3.726050307,-87.63510363,0,0,0,0,0,0,0
Path_2,401,-295.4278017,60.35786662,471.3865284,0.913549249,3.780209989,-87.6579717,0,0,0,0,0,0,0
Path_2,402,-295.5830362,61.53775805,472.0497771,1.021536123,3.562492923,-87.43093534,0,0,0,0,0,0,0
Path_2,403,-295.356686,61.56854898,472.1450489,0.994471422,3.620725274,-87.41771679,0,0,0,0,0,0,0
Path_2,404,-295.3750265,61.30281632,471.5637998,0.932049097,3.72871797,-87.51959682,0,0,0,0,0,0,0
Path_2,405,-295.6759044,62.16223786,472.0108814,1.018995999,3.616088004,-87.53314129,0,0,0,0,0,0,0
Path_2,406,-295.6836812,62.76969223,472.2250811,0.976986308,3.547986721,-87.52164145,0,0,0,0,0,0,0
Path_2,407,-295.2166751,62.94072259,471.8355687,0.89538388,3.605397971,-87.45880118,0,0,0,0,0,0,0
Path_2,408,-295.2782224,63.06069788,471.9130441,0.957584775,3.628359274,-87.41242349,0,0,0,0,0,0,0
Path_2,409,-295.7635072,63.69403237,472.3296937,1.070448551,3.597759697,-87.45781084,0,0,0,0,0,0,0
Path_2,410,-295.5135213,63.83339602,472.0173778,0.951390436,3.617225165,-87.30902775,0,0,0,0,0,0,0
Path_2,411,-295.0175446,64.10837279,471.8787985,0.874911594,3.604890184,-87.44799891,0,0,0,0,0,0,0
Path_2,412,-295.6378095,64.63718541,472.1837181,1.004262756,3.53534888,-87.53204377,0,0,0,0,0,0,0
Path_2,413,-295.2292481,64.42044287,471.909824,0.95497849,3.712048492,-87.51670828,0,0,0,0,0,0,0
Path_2,414,-295.1709812,65.15242738,472.165809,0.963198343,3.59051356,-87.43201804,0,0,0,0,0,0,0
Path_2,415,-295.5738786,65.03886033,472.009274,1.015510839,3.63696781,-87.40952093,0,0,0,0,0,0,0
Path_2,416,-295.8581263,65.47159981,471.8658861,1.024244986,3.642814827,-87.49274599,0,0,0,0,0,0,0
Path_2,417,-295.7502525,66.1821944,472.0121976,1.030462303,3.568332729,-87.42323212,0,0,0,0,0,0,0
Path_2,418,-295.5306628,66.67008519,472.1971532,0.946432701,3.461382286,-87.42950135,0,0,0,0,0,0,0
Path_2,419,-295.2236835,67.04193526,471.9758155,0.965302678,3.539352025,-87.3469931,0,0,0,0,0,0,0
Path_2,420,-295.343032,66.72269177,471.9994815,0.968286864,3.685553852,-87.57937931,0,0,0,0,0,0,0
Path_2,421,-295.7516319,67.65692125,472.0743142,1.050306726,3.536753887,-87.43040603,0,0,0,0,0,0,0
Path_2,422,-295.3950656,67.36938284,471.797831,0.956183978,3.638743527,-87.40034012,0,0,0,0,0,0,0
Path_2,423,-294.9723993,67.62364403,471.508511,0.877918208,3.672382198,-87.57466345,0,0,0,0,0,0,0
Path_2,424,-295.3512375,67.86866927,471.8702533,0.940928377,3.622904314,-87.47031307,0,0,0,0,0,0,0
Path_2,425,-295.635983,68.65120986,472.0446953,1.11411411,3.597364122,-87.45209622,0,0,0,0,0,0,0
Path_2,426,-295.6064684,68.63208042,471.9271414,1.004535193,3.69161205,-87.55294399,0,0,0,0,0,0,0
Path_2,427,-295.3359968,68.94819366,471.9070741,0.947782605,3.663698629,-87.4920407,0,0,0,0,0,0,0
Path_2,428,-295.6463173,69.07099689,471.8100634,0.946693774,3.648811482,-87.60453261,0,0,0,0,0,0,0
Path_2,429,-294.8383658,69.56517664,472.1421791,0.85776499,3.715889065,-87.59342367,0,0,0,0,0,0,0
Path_2,430,-294.9653871,70.06333375,471.6882087,0.739814586,3.55895391,-87.3990221,0,0,0,0,0,0,0
Path_2,431,-295.7204775,70.84097835,472.1519428,1.093798599,3.523862501,-87.39260007,0,0,0,0,0,0,0
Path_2,432,-295.5455228,71.25389099,472.1287543,0.981359545,3.54322462,-87.46912501,0,0,0,0,0,0,0
Path_2,433,-295.259023,71.1100131,471.6669705,0.851146672,3.561345769,-87.45804205,0,0,0,0,0,0,0
Path_2,434,-295.3400535,70.89698455,471.9150276,0.860052935,3.664453047,-87.48333903,0,0,0,0,0,0,0
Path_2,435,-295.5239637,71.72856147,471.8970366,0.92827794,3.59059962,-87.38968685,0,0,0,0,0,0,0
Path_2,436,-295.2154494,71.65910139,471.7753666,0.917057713,3.637872793,-87.50264942,0,0,0,0,0,0,0
Path_2,437,-295.5069219,72.10913921,472.0080342,0.975915978,3.630588853,-87.39553343,0,0,0,0,0,0,0
Path_2,438,-295.8421159,72.76262593,472.0217432,1.0038848,3.524033449,-87.3552379,0,0,0,0,0,0,0
Path_2,439,-295.8341933,72.66352008,472.0864835,1.070276792,3.58192752,-87.40671423,0,0,0,0,0,0,0
Path_2,440,-295.5445365,72.87338658,471.9600867,0.969423355,3.611803833,-87.45879988,0,0,0,0,0,0,0
Path_2,441,-295.6680783,73.15736544,472.2949591,1.048521592,3.636047265,-87.41075156,0,0,0,0,0,0,0
Path_2,442,-295.6591644,73.99412297,472.1172473,1.026267849,3.568625787,-87.43567751,0,0,0,0,0,0,0
Path_2,443,-295.6827371,74.52091413,472.0490181,0.96151326,3.54024922,-87.40076159,0,0,0,0,0,0,0
Path_2,444,-295.3929863,74.7140293,472.0055108,0.947962608,3.539556027,-87.43349329,0,0,0,0,0,0,0
Path_2,445,-295.4201792,75.10108065,472.0186415,0.952514485,3.537127644,-87.46057484,0,0,0,0,0,0,0
Path_2,446,-295.8342362,74.54256438,471.7043464,0.997530677,3.694766735,-87.50862779,0,0,0,0,0,0,0
Path_2,447,-295.2209404,75.11405259,472.0568605,0.884386005,3.647304759,-87.46861709,0,0,0,0,0,0,0
Path_2,448,-295.6840329,75.63199861,472.1614645,1.055509377,3.576286705,-87.41942215,0,0,0,0,0,0,0
Path_2,449,-295.7375659,75.99339485,472.2771098,1.037909222,3.52887921,-87.52572243,0,0,0,0,0,0,0
Path_2,450,-295.5433481,76.47177079,472.0067766,1.038139424,3.549595564,-87.4334276,0,0,0,0,0,0,0
Path_2,451,-295.4752416,76.44730966,472.0410926,0.9542221,3.557404847,-87.39215933,0,0,0,0,0,0,0
Path_2,452,-295.710976,76.93931403,472.0584612,0.997054823,3.532168044,-87.5181567,0,0,0,0,0,0,0
Path_2,453,-295.7084749,77.27274286,472.1168841,0.995079839,3.522311317,-87.53729469,0,0,0,0,0,0,0
Path_2,454,-295.6445753,77.63436826,471.9966569,0.987052864,3.558094709,-87.47470575,0,0,0,0,0,0,0
Path_2,455,-295.4952056,77.53553528,471.9789127,0.943090861,3.614332543,-87.39754802,0,0,0,0,0,0,0
Path_2,456,-295.7189427,77.96880705,471.9213431,1.006063791,3.608618052,-87.38734016,0,0,0,0,0,0,0
Path_2,457,-295.740963,77.98735406,472.1931349,1.065056934,3.662608604,-87.42107829,0,0,0,0,0,0,0
Path_2,458,-295.8069377,78.72272169,472.0587155,0.977522233,3.535803374,-87.41299659,0,0,0,0,0,0,0
Path_2,459,-295.2946304,78.84225239,471.8939843,0.897706833,3.637216864,-87.45311858,0,0,0,0,0,0,0
Path_2,460,-295.6626913,79.4082871,472.0672699,1.028365385,3.595859913,-87.40081008,0,0,0,0,0,0,0
Path_2,461,-295.7818003,78.92193064,471.664242,0.938258506,3.763887458,-87.58309854,0,0,0,0,0,0,0
Path_2,462,-295.3643691,79.78738794,471.8549722,0.869536523,3.615152255,-87.45750984,0,0,0,0,0,0,0
Path_2,463,-295.2036423,80.0391405,472.0063853,0.914939481,3.703273059,-87.55010045,0,0,0,0,0,0,0
Path_2,464,-295.7922039,80.47341165,471.9421301,1.026760405,3.583627313,-87.46638057,0,0,0,0,0,0,0
Path_2,465,-295.9384933,80.85928039,472.0685962,1.000221252,3.582137927,-87.48634515,0,0,0,0,0,0,0
Path_2,466,-295.705264,80.30638309,471.8104974,1.023824055,3.701148317,-87.57792859,0,0,0,0,0,0,0
Path_2,467,-295.6451017,81.19227607,472.2920122,1.07460998,3.625702913,-87.38601784,0,0,0,0,0,0,0
Path_2,468,-295.5608938,81.35262919,472.1770331,1.006774669,3.64355258,-87.39332138,0,0,0,0,0,0,0
Path_2,469,-295.8891201,81.5999356,472.2001812,1.097911103,3.653100583,-87.31287445,0,0,0,0,0,0,0
Path_2,470,-295.1675773,82.13044024,471.8742611,0.867263671,3.639211032,-87.48167082,0,0,0,0,0,0,0
Path_2,471,-295.8342485,82.74663127,472.1862952,1.100856506,3.526242097,-87.38897857,0,0,0,0,0,0,0
Path_2,472,-295.5483171,83.38327356,472.0827065,0.936974339,3.506880958,-87.41515413,0,0,0,0,0,0,0
Path_2,473,-295.9322733,83.18287788,472.1381448,0.980918754,3.587995074,-87.48765791,0,0,0,0,0,0,0
Path_2,474,-295.2535804,83.05569482,471.977237,0.886266759,3.67928458,-87.50569823,0,0,0,0,0,0,0
Path_2,475,-295.4155907,83.92787149,472.304333,1.036317743,3.509333325,-87.30288488,0,0,0,0,0,0,0
Path_2,476,-295.3432992,84.08156763,472.0854888,0.889748075,3.620219022,-87.36652017,0,0,0,0,0,0,0
Path_2,477,-295.8513505,84.7662377,472.4249617,1.04698594,3.530053343,-87.36064107,0,0,0,0,0,0,0
Path_2,478,-295.5534772,83.8880766,471.3801792,0.781338163,3.803649435,-87.66314035,0,0,0,0,0,0,0
Path_2,479,-295.4731469,84.89104679,471.9230801,0.93876116,3.62566111,-87.47263427,0,0,0,0,0,0,0
Path_2,480,-295.9099149,85.16328768,471.8940834,0.970471284,3.5761855,-87.4897235,0,0,0,0,0,0,0
Path_2,481,-295.7467682,85.21210159,472.0299999,0.990198403,3.666358233,-87.42601044,0,0,0,0,0,0,0
Path_2,482,-295.610146,85.68975921,471.9407578,0.87324958,3.652345628,-87.40898776,0,0,0,0,0,0,0
Path_2,483,-295.5215268,86.37902471,472.225398,1.011498211,3.560278865,-87.44832752,0,0,0,0,0,0,0
Path_2,484,-295.6743359,85.86670816,471.6013789,0.926593697,3.787196678,-87.54630803,0,0,0,0,0,0,0
Path_2,485,-295.8591374,86.86660496,471.9797171,0.950677282,3.585064496,-87.50229617,0,0,0,0,0,0,0
Path_2,486,-295.0786032,86.68610388,471.8848342,0.839703057,3.688967404,-87.54547919,0,0,0,0,0,0,0
Path_2,487,-296.1538476,86.4948897,471.7451863,0.887342753,3.80928283,-87.71681624,0,0,0,0,0,0,0
Path_2,488,-295.4655793,87.31724916,471.7824016,0.914964201,3.674426743,-87.43785124,0,0,0,0,0,0,0
Path_2,489,-296.0017249,88.26947384,472.3662038,1.11722002,3.516637034,-87.42888513,0,0,0,0,0,0,0
Path_2,490,-295.8832209,88.45725195,471.9762982,1.043577196,3.550328957,-87.41176176,0,0,0,0,0,0,0
Path_2,491,-295.834243,89.07870136,472.1311159,1.011506862,3.54018081,-87.38798644,0,0,0,0,0,0,0
Path_2,492,-295.6713224,89.46167461,471.8427997,0.905877015,3.499436918,-87.42656296,0,0,0,0,0,0,0
Path_2,493,-295.8263571,89.24677406,471.9046313,0.901966775,3.582271279,-87.5528585,0,0,0,0,0,0,0
Path_2,494,-295.5806163,89.38640381,471.8840407,0.946929117,3.632408919,-87.44598554,0,0,0,0,0,0,0
Path_2,495,-295.6240004,89.9933614,472.0840385,0.922489272,3.588151806,-87.4627468,0,0,0,0,0,0,0
Path_2,496,-295.7653981,90.05564263,471.7472769,1.044501148,3.735512536,-87.47658431,0,0,0,0,0,0,0
Path_2,497,-295.8735791,90.84995029,472.1230809,0.991842227,3.49461188,-87.46040338,0,0,0,0,0,0,0
Path_2,498,-295.7861294,90.08779786,471.6840544,0.87285366,3.760453256,-87.58579443,0,0,0,0,0,0,0
Path_2,499,-295.6432431,90.82803469,471.9972436,0.932063941,3.682817432,-87.46994175,0,0,0,0,0,0,0
Path_2,500,-295.2720484,91.35769504,471.828995,0.786955253,3.619998,-87.44298865,0,0,0,0,0,0,0
Path_2,501,-295.3150403,91.58297535,471.8779844,0.873004215,3.64696279,-87.46041371,0,0,0,0,0,0,0
Path_2,502,-295.1998091,91.65322459,471.9341118,0.893408252,3.785156089,-87.48008091,0,0,0,0,0,0,0
Path_2,503,-295.616916,92.45750034,471.9306259,0.872691428,3.619475329,-87.34120236,0,0,0,0,0,0,0
Path_2,504,-295.7301258,92.69835402,471.9471397,0.909381642,3.579655918,-87.44044445,0,0,0,0,0,0,0
Path_2,505,-295.2038514,92.90900822,471.9562622,0.860147625,3.604804277,-87.48731675,0,0,0,0,0,0,0
Path_2,506,-295.7320906,93.47892425,472.1891808,1.059755931,3.535357979,-87.38289578,0,0,0,0,0,0,0
Path_2,507,-296.1554804,93.72157705,472.3287983,1.048401912,3.519963305,-87.44097855,0,0,0,0,0,0,0
Path_2,508,-295.3050866,93.93115627,471.6584584,0.821084098,3.627417228,-87.39219441,0,0,0,0,0,0,0
Path_2,509,-295.7437279,93.8598877,471.7592693,0.904992745,3.678370071,-87.36144419,0,0,0,0,0,0,0
Path_2,510,-296.1687001,95.03805139,472.3816077,1.107670843,3.489485591,-87.37201713,0,0,0,0,0,0,0
Path_2,511,-295.8857861,95.16820907,472.1983798,1.045692024,3.526189126,-87.35320123,0,0,0,0,0,0,0
Path_2,512,-295.9601692,94.72546853,471.8017625,0.938483534,3.732079016,-87.60052377,0,0,0,0,0,0,0
Path_2,513,-295.9876358,95.17854777,472.111486,1.070656983,3.632495181,-87.46963119,0,0,0,0,0,0,0
Path_2,514,-295.5957266,95.57905039,472.0139475,0.927157813,3.643987505,-87.4206159,0,0,0,0,0,0,0
Path_2,515,-294.9772686,95.99499625,471.8083595,0.749754823,3.610556763,-87.51178587,0,0,0,0,0,0,0
Path_2,516,-295.6745646,95.85112019,471.926579,0.959467038,3.697615133,-87.45482351,0,0,0,0,0,0,0
Path_2,517,-296.0317151,96.74159882,472.2706085,1.0593015,3.56668065,-87.53069522,0,0,0,0,0,0,0
Path_2,518,-295.3434921,96.65776187,471.9218389,0.824507511,3.596477808,-87.52064046,0,0,0,0,0,0,0
Path_2,519,-295.7490974,96.92822091,471.8183719,0.933306499,3.61304535,-87.43198263,0,0,0,0,0,0,0
Path_2,520,-295.4357618,97.11105405,471.793141,0.840773902,3.655977985,-87.49156444,0,0,0,0,0,0,0
Path_2,521,-295.9140528,97.29992355,472.094039,1.039612572,3.690996154,-87.42070407,0,0,0,0,0,0,0
Path_2,522,-295.479598,98.00291051,472.1330183,1.006774066,3.648582834,-87.44337276,0,0,0,0,0,0,0
Path_2,523,-295.7885871,97.91266851,471.500358,0.825829764,3.776544999,-87.63674226,0,0,0,0,0,0,0
Path_2,524,-294.7808613,98.74980027,471.7316168,0.671911672,3.625357611,-87.42932112,0,0,0,0,0,0,0
Path_2,525,-296.2174805,98.95971025,471.9010397,0.998838029,3.6116388,-87.47939625,0,0,0,0,0,0,0
Path_2,526,-295.9561618,99.90412097,472.229016,0.959238777,3.48453534,-87.45014859,0,0,0,0,0,0,0
Path_2,527,-295.1861601,99.75758722,471.9809914,0.890612827,3.588014513,-87.41458521,0,0,0,0,0,0,0
Path_2,528,-295.0780652,99.86179948,472.0091657,0.838555805,3.635725564,-87.48780252,0,0,0,0,0,0,0
Path_2,529,-295.9688614,100.366845,472.130283,1.017640651,3.565351833,-87.43829688,0,0,0,0,0,0,0
Path_2,530,-296.0314087,100.2156137,471.7157137,0.877817327,3.709297242,-87.61942499,0,0,0,0,0,0,0
Path_2,531,-295.989167,101.0760191,472.0666745,0.95460563,3.566356974,-87.43462378,0,0,0,0,0,0,0
Path_2,532,-295.850975,101.0286301,471.9547281,0.921705031,3.652991213,-87.43698282,0,0,0,0,0,0,0
Path_2,533,-295.703918,101.7159849,472.0849174,0.940811996,3.536933239,-87.42628067,0,0,0,0,0,0,0
Path_2,534,-295.9714184,102.4333719,472.3345103,1.018034242,3.513317561,-87.36464544,0,0,0,0,0,0,0
Path_2,535,-296.1649791,101.5941355,471.8088498,0.996941577,3.717969848,-87.5493858,0,0,0,0,0,0,0
Path_2,536,-295.1327492,102.4586693,472.0161164,0.832317448,3.612781352,-87.46899136,0,0,0,0,0,0,0
Path_2,537,-295.8941543,103.0875865,472.154511,0.962257676,3.547785031,-87.46416071,0,0,0,0,0,0,0
Path_2,538,-295.8887558,103.420986,472.2839652,1.003598451,3.532033348,-87.40555647,0,0,0,0,0,0,0
Path_2,539,-295.6881608,104.0430152,472.2886712,0.935983958,3.503325681,-87.40753344,0,0,0,0,0,0,0
Path_2,540,-295.5740743,103.7294616,472.1151529,0.918124191,3.598873237,-87.3431859,0,0,0,0,0,0,0
Path_2,541,-295.2493032,103.7340163,471.8092022,0.842789085,3.657650139,-87.48595594,0,0,0,0,0,0,0
Path_2,542,-296.1601572,104.3718135,472.1386199,1.029435106,3.529940947,-87.47024519,0,0,0,0,0,0,0
Path_2,543,-295.7992969,105.007848,472.4637874,0.945870471,3.482325662,-87.41375881,0,0,0,0,0,0,0
Path_2,544,-295.7773603,104.0409807,471.8919255,0.919751906,3.67307029,-87.52750741,0,0,0,0,0,0,0
Path_2,545,-295.4946592,104.9414733,472.3293564,1.043257832,3.557770216,-87.25862794,0,0,0,0,0,0,0
Path_2,546,-295.760656,104.838669,472.1786187,0.993665329,3.511735373,-87.39144124,0,0,0,0,0,0,0
Path_2,547,-295.8830962,104.0974568,471.8958566,0.947287992,3.616097764,-87.55728753,0,0,0,0,0,0,0
Path_2,548,-296.0547253,104.8415523,472.2309949,1.061458329,3.469839492,-87.43786105,0,0,0,0,0,0,0
Path_2,549,-296.0793604,104.6362805,472.1432427,0.990919492,3.540543788,-87.4462179,0,0,0,0,0,0,0
Path_2,550,-295.6021895,104.0335325,475.1239386,0.95530822,3.638075644,-87.44372498,0,0,0,0,0,0,0
Path_2,551,-296.2497478,103.3549594,483.6122052,1.010185246,3.673141546,-87.40442673,0,0,0,0,0,0,0
Path_2,552,-295.7474995,102.9022788,491.8553997,0.883473903,3.645065997,-87.51424672,0,0,0,0,0,0,0
Path_2,553,-295.6114394,102.0771519,499.8803898,0.697992683,3.648926446,-87.52000693,0,0,0,0,0,0,0
Path_2,554,-296.4477662,101.7070897,508.5162567,0.957026839,3.641256468,-87.3598512,0,0,0,0,0,0,0
Path_2,555,-297.1544785,101.0829956,517.0413356,1.101706477,3.616534634,-87.43794148,0,0,0,0,0,0,0
Path_2,556,-297.6045839,100.7121416,525.3806479,1.075681922,3.526422814,-87.42740978,0,0,0,0,0,0,0
Path_2,557,-297.7053568,100.0672221,533.5921658,1.017395476,3.492480312,-87.49522535,0,0,0,0,0,0,0
Path_2,558,-297.8732135,98.40330297,541.6430441,1.063018719,3.683252953,-87.48629451,0,0,0,0,0,0,0
Path_2,559,-297.8675427,98.64032484,550.3038063,1.201125877,3.565062131,-87.32019316,0,0,0,0,0,0,0
Path_2,560,-298.1530764,97.7429442,558.2079928,0.929382052,3.506194858,-87.44150142,0,0,0,0,0,0,0
Path_2,561,-298.6415596,96.75208746,566.4717057,1.090004325,3.691814934,-87.46561121,0,0,0,0,0,0,0
Path_2,562,-298.4428895,96.49763204,575.1126985,0.985758823,3.612326968,-87.5800346,0,0,0,0,0,0,0
Path_2,563,-298.9672516,95.37376218,583.0202751,0.983662887,3.597937059,-87.53443897,0,0,0,0,0,0,0
Path_2,564,-299.0989826,94.93560644,591.5419465,0.975656964,3.606889295,-87.48063119,0,0,0,0,0,0,0
Path_2,565,-299.5460176,94.30655244,599.9805714,1.010106437,3.553945602,-87.52519528,0,0,0,0,0,0,0
Path_2,566,-299.2386618,93.31102229,607.8543785,0.969929427,3.691381106,-87.55500111,0,0,0,0,0,0,0
Path_2,567,-299.8273315,93.35026395,613.857434,1.021648896,3.560589255,-87.4260891,0,0,0,0,0,0,0
Path_2,568,-299.1527283,88.00576855,614.1350748,1.041888043,3.504710681,-87.67048841,0,0,0,0,0,0,0
Path_2,569,-297.1423632,54.77705658,612.8685776,1.104934187,3.205876359,-88.28943379,0,0,0,0,0,0,0
Path_2,570,-296.389877,22.56163765,612.3013793,1.15523986,2.917735309,-88.96930948,0,0,0,0,0,0,0
Path_2,571,-297.1607401,-10.78443533,612.2432497,1.229126941,2.814308405,-89.77426167,0,0,0,0,0,0,0
Path_2,572,-299.50216,-43.76957607,612.5881194,1.305485709,2.614432675,-90.61730981,0,0,0,0,0,0,0
Path_2,573,-303.492583,-77.27785049,613.4033293,1.316725268,2.456974803,-91.31588683,0,0,0,0,0,0,0
Path_2,574,-308.3345564,-105.207986,614.4407473,1.416155695,2.275489349,-91.8891099,0,0,0,0,0,0,0
Path_2,575,-307.744297,-103.752636,614.5152943,1.290961907,2.352028275,-91.87884413,0,0,0,0,0,0,0
Path_2,576,-308.3418662,-103.9925867,614.398932,1.407031102,2.339001558,-91.93070463,0,0,0,0,0,0,0
Path_2,577,-307.9056687,-104.9097921,614.5348914,1.404468988,2.427450719,-91.88396297,0,0,0,0,0,0,0
Path_2,578,-308.1323156,-104.6553921,614.555194,1.409476506,2.440542009,-91.86161073,0,0,0,0,0,0,0
Path_2,579,-307.618444,-104.1781959,614.9147616,1.380502502,2.376035529,-91.57664732,0,0,0,0,0,0,0
Path_2,580,-308.2730334,-104.5648477,614.6018069,1.448134274,2.434785359,-91.80228767,0,0,0,0,0,0,0
Path_2,581,-307.950402,-104.2863416,614.7638977,1.396034275,2.334929589,-91.83419062,0,0,0,0,0,0,0
Path_2,582,-308.1002354,-104.8652679,614.5269934,1.333578537,2.471508838,-91.91526748,0,0,0,0,0,0,0
Path_2,583,-308.2820801,-104.1527714,614.7382118,1.420220967,2.328210661,-91.90994603,0,0,0,0,0,0,0
Path_2,584,-308.128301,-104.3166922,614.699798,1.394932546,2.334578907,-91.95468637,0,0,0,0,0,0,0
Path_2,585,-308.1385647,-103.9299329,614.557098,1.42325574,2.310283317,-91.82738747,0,0,0,0,0,0,0
Path_2,586,-308.1427632,-104.6861596,614.455138,1.41893591,2.448789008,-91.92361484,0,0,0,0,0,0,0
Path_2,587,-307.6769582,-104.1835109,614.6583629,1.330338144,2.359214475,-91.83536883,0,0,0,0,0,0,0
